path	bytes	lines	class	flags	audit_status
demo/video-chat/frontend-vue/src/domain/realtime/CallWorkspaceView.vue	77654	2151	source	sfu,gossip,background,security,reconnect,backpressure,quality,regression,capabilities,fallback,repair,keyframe_delta	manual_audit_required
demo/video-chat/frontend-vue/src/domain/realtime/workspace/callWorkspace/participantUi.ts	68037	1994	source	background,security,reconnect,backpressure,fallback	manual_audit_required
demo/video-chat/frontend-vue/tests/e2e/call-access-join.spec.js	60427	1634	test		manual_audit_required
demo/video-chat/scripts/deploy.sh	66410	1621	script	sfu,gossip,fallback	manual_audit_required
demo/video-chat/frontend-vue/package-lock.json	57139	1598	config	security	manual_audit_required
demo/video-chat/frontend-vue/src/layouts/WorkspaceShell.vue	55580	1542	source	fallback	manual_audit_required
demo/video-chat/backend-king-php/domain/realtime/realtime_sfu_store.php	62657	1518	source	sfu,background,security,reconnect,quality,capabilities,repair,keyframe_delta	manual_audit_required
demo/video-chat/backend-king-php/domain/realtime/realtime_gossipmesh.php	54595	1492	source	gossip,security,reconnect,repair,keyframe_delta	manual_audit_required
demo/video-chat/frontend-vue/src/lib/sfu/sfuClient.ts	53108	1416	source	sfu,background,security,reconnect,backpressure,quality,fallback,repair,keyframe_delta	manual_audit_required
demo/video-chat/frontend-vue/src/domain/realtime/local/mediaOrchestration.ts	56283	1375	source	sfu,background,quality,fallback,repair	manual_audit_required
demo/video-chat/frontend-vue/src/modules/calendar/pages/CalendarView.vue	41175	1356	source	background,fallback	manual_audit_required
demo/video-chat/frontend-vue/src/domain/realtime/workspace/callWorkspace/mediaSecurityRuntime.ts	56478	1342	source	sfu,gossip,background,security,reconnect,capabilities,repair,keyframe_delta	manual_audit_required
demo/model-inference/backend-king-php/public/chat.html	46004	1298	source	background,keyframe_delta	manual_audit_required
demo/video-chat/frontend-vue/src/domain/realtime/workspace/callWorkspace/publisherBackpressureController.ts	58430	1274	source	sfu,reconnect,backpressure,quality,fallback,repair,keyframe_delta	manual_audit_required
demo/userland/flow-php/src/StreamingSink.php	35181	1251	source	security,reconnect	manual_audit_required
demo/video-chat/frontend-vue/src/domain/realtime/local/protectedBrowserVideoEncoder.ts	51027	1216	source	sfu,gossip,background,security,reconnect,backpressure,quality,capabilities,fallback,repair,keyframe_delta	manual_audit_required
demo/video-chat/edge/edge.php	50514	1216	other	sfu,background,fallback	manual_audit_required
demo/video-chat/frontend-vue/src/domain/realtime/sfu/frameDecode.ts	50240	1166	source	sfu,background,security,reconnect,backpressure,quality,fallback,repair,keyframe_delta	manual_audit_required
demo/video-chat/frontend-vue/src/domain/realtime/local/publisherPipeline.ts	46508	1111	source	sfu,gossip,background,security,backpressure,quality,capabilities,fallback,repair,keyframe_delta	manual_audit_required
demo/video-chat/backend-king-php/tests/realtime-gossipmesh-runtime-contract.php	65092	1081	test	sfu,gossip,security,reconnect,backpressure,fallback,repair,keyframe_delta	manual_audit_required
demo/video-chat/frontend-vue/src/domain/realtime/workspace/callWorkspace/socketLifecycle.ts	41408	1078	source	sfu,gossip,reconnect,backpressure,quality,capabilities,fallback,repair,keyframe_delta	manual_audit_required
demo/video-chat/backend-king-php/domain/calls/call_access_account_confirmation.php	40551	1031	source	fallback	manual_audit_required
demo/video-chat/backend-king-php/tests/realtime-sfu-contract.php	54876	1010	test	sfu,gossip,background,security,reconnect,backpressure,keyframe_delta	manual_audit_required
demo/video-chat/backend-king-php/http/module_users.php	40496	1009	source		manual_audit_required
demo/video-chat/frontend-vue/src/domain/realtime/media/security.ts	38845	999	source	security,capabilities,keyframe_delta	manual_audit_required
demo/video-chat/frontend-vue/src/domain/realtime/CallWorkspaceStage.css	23314	984	source	background,keyframe_delta	manual_audit_required
demo/userland/flow-php/src/ControlPlane.php	32643	978	source	capabilities,repair	manual_audit_required
demo/video-chat/backend-king-php/domain/realtime/realtime_sfu_gateway.php	43943	975	source	sfu,security,reconnect,backpressure,capabilities,fallback,repair,keyframe_delta	manual_audit_required
demo/video-chat/backend-king-php/domain/workspace/workspace_app_configuration.php	42443	962	source	background,fallback	manual_audit_required
demo/userland/flow-php/src/SerializationBridge.php	26670	957	source		manual_audit_required
demo/video-chat/frontend-vue/src/domain/auth/session.ts	31039	944	source	fallback,repair	manual_audit_required
demo/video-chat/frontend-vue/src/domain/realtime/workspace/callWorkspace/gossipDataLane.ts	44262	938	source	sfu,gossip,security,quality,fallback,repair,keyframe_delta	manual_audit_required
demo/video-chat/frontend-vue/tests/e2e/background-production-browser-smoke.spec.js	34213	908	test	sfu,background,reconnect,quality,fallback	manual_audit_required
demo/userland/flow-php/src/Partitioning.php	25204	877	source	backpressure,capabilities	manual_audit_required
demo/video-chat/backend-king-php/domain/realtime/realtime_call_context.php	28005	854	source	reconnect,fallback	manual_audit_required
demo/userland/flow-php/src/StreamingSource.php	24594	850	source		manual_audit_required
demo/video-chat/contracts/v1/iam-call-access-seeding.matrix.json	27078	846	contract		manual_audit_required
demo/video-chat/backend-king-php/domain/call_apps/call_app_sessions.php	35214	844	source	reconnect,capabilities	manual_audit_required
demo/video-chat/backend-king-php/http/module_realtime_websocket.php	39434	835	source	gossip,security,backpressure	manual_audit_required
demo/video-chat/backend-king-php/domain/calls/call_access_contract.php	27258	835	source	security	manual_audit_required
demo/video-chat/frontend-vue/src/domain/realtime/workspace/callWorkspace/runtimeHealth.ts	35918	826	source	sfu,security,reconnect,backpressure,capabilities,fallback,repair,keyframe_delta	manual_audit_required
demo/video-chat/scripts/smoke.sh	32518	824	script	sfu,background,security,reconnect,fallback	manual_audit_required
demo/video-chat/backend-king-php/domain/users/user_settings.php	31181	822	source		manual_audit_required
demo/video-chat/frontend-vue/tests/e2e/lobby-admission.spec.js	31656	820	test	sfu	manual_audit_required
demo/call-app/whiteboard/public/whiteboard.js	31500	805	other	capabilities,fallback	manual_audit_required
demo/video-chat/frontend-vue/src/modules/localization/englishMessages.js	45005	804	source	background,fallback	manual_audit_required
demo/video-chat/frontend-vue/src/lib/gossipmesh/gossipController.ts	26567	799	source	gossip,reconnect,repair,keyframe_delta	manual_audit_required
demo/video-chat/scripts/deploy-smoke.sh	32753	795	script	sfu,background,reconnect,fallback	manual_audit_required
demo/video-chat/backend-king-php/tests/call-app-session-lifecycle-contract.php	59052	795	test	reconnect,capabilities,fallback	manual_audit_required
demo/video-chat/frontend-vue/src/domain/realtime/local/screenSharePublisher.js	28877	784	source	sfu,gossip,background,security,reconnect,backpressure,quality,capabilities,fallback,repair,keyframe_delta	manual_audit_required
demo/video-chat/backend-king-php/http/module_realtime_websocket_commands.php	30550	782	source	gossip,capabilities,fallback,repair	manual_audit_required
demo/video-chat/frontend-vue/src/domain/realtime/background/pipeline/compositorStage.js	28139	780	source	background,reconnect,fallback	manual_audit_required
demo/call-app/call-diagnostics/public/call-diagnostics.js	30367	748	other	sfu,reconnect,capabilities,fallback,keyframe_delta	manual_audit_required
demo/video-chat/frontend-vue/src/domain/calls/dashboard/enterCall.ts	26458	734	source	background,reconnect,fallback	manual_audit_required
demo/video-chat/frontend-vue/tests/e2e/call-app-whiteboard.spec.js	33687	734	test	background,reconnect,capabilities	manual_audit_required
demo/video-chat/frontend-vue/src/lib/sfu/framePayload.ts	36138	733	source	sfu,security,quality,fallback,repair,keyframe_delta	manual_audit_required
demo/call-app/presentation/public/presentation.js	37551	696	other	capabilities,fallback,keyframe_delta	manual_audit_required
demo/video-chat/frontend-vue/public/gossip-harness.html	27925	692	other	gossip,background,reconnect,fallback,keyframe_delta	manual_audit_required
demo/video-chat/frontend-vue/src/domain/realtime/workspace/callWorkspace/mediaStack.ts	34158	678	source	sfu,gossip,background,security,reconnect,backpressure,quality,capabilities,fallback,repair,keyframe_delta	manual_audit_required
demo/userland/flow-php/src/FailureTaxonomy.php	20720	671	source	security,reconnect,backpressure,orchestrator,repair	manual_audit_required
demo/video-chat/backend-king-php/tests/realtime-signaling-contract.php	36174	671	test	sfu,security,backpressure	manual_audit_required
demo/video-chat/frontend-vue/src/domain/realtime/background/stream.ts	24832	663	source	background,capabilities,fallback	manual_audit_required
demo/video-chat/frontend-vue/src/lib/sfu/inboundFrameAssembler.ts	22474	656	source	sfu,background,security,reconnect,fallback,keyframe_delta	manual_audit_required
demo/video-chat/backend-king-php/domain/infrastructure/infrastructure_inventory.php	24773	650	source	sfu,capabilities,orchestrator,fallback,keyframe_delta	manual_audit_required
demo/video-chat/frontend-vue/src/domain/realtime/sfu/remotePeers.ts	28337	646	source	sfu,quality,fallback,repair,keyframe_delta	manual_audit_required
demo/video-chat/frontend-vue/tests/e2e/online-sfu-pressure-acceptance.mjs	24411	638	test	sfu,security,backpressure,fallback,repair	manual_audit_required
demo/video-chat/backend-king-php/domain/realtime/realtime_presence.php	21481	617	source	gossip,capabilities,fallback	manual_audit_required
demo/video-chat/frontend-vue/src/domain/realtime/local/publisherSourceReadback.ts	24836	608	source	sfu,backpressure,capabilities,fallback	manual_audit_required
demo/video-chat/contracts/v1/ui-parity-acceptance.matrix.json	25952	607	contract	security,reconnect,repair	manual_audit_required
demo/video-chat/frontend-vue/src/domain/realtime/media/preferences.ts	22609	602	source	background,quality,fallback	manual_audit_required
demo/video-chat/backend-king-php/domain/realtime/realtime_sfu_subscriber_budget.php	23992	595	source	sfu,background,reconnect,backpressure,quality,fallback,repair,keyframe_delta	manual_audit_required
demo/call-app/planning-image/public/planning-image.js	20703	577	other	capabilities,fallback,keyframe_delta	manual_audit_required
demo/video-chat/backend-king-php/tests/media-capability-plan-contract.php	25556	554	test	security,reconnect,capabilities,fallback	manual_audit_required
demo/video-chat/frontend-vue/tests/contract/media-security-contract.mjs	46894	553	test	sfu,security,reconnect,capabilities,repair,keyframe_delta	manual_audit_required
demo/video-chat/frontend-vue/tests/contract/media-security-idempotent-sender-key-contract.mjs	20284	534	test	security,capabilities,repair,keyframe_delta	manual_audit_required
demo/video-chat/frontend-vue/src/domain/calls/dashboard/UserDashboardView.vue	13957	533	source	background,reconnect,fallback	manual_audit_required
demo/video-chat/frontend-vue/src/domain/realtime/workspace/callWorkspace/lifecycle.ts	16592	527	source	gossip,background,security,reconnect,quality,capabilities,repair,keyframe_delta	manual_audit_required
demo/video-chat/frontend-vue/src/domain/realtime/workspace/callWorkspace/runtimeSwitching.ts	20400	527	source	sfu,backpressure,quality,capabilities,fallback,repair,keyframe_delta	manual_audit_required
demo/video-chat/backend-king-php/domain/realtime/realtime_sfu_broker_replay.php	16423	527	source	sfu,keyframe_delta	manual_audit_required
demo/video-chat/frontend-vue/src/domain/realtime/sfu/remoteBrowserEncodedVideo.ts	21477	524	source	sfu,backpressure,fallback,repair,keyframe_delta	manual_audit_required
demo/video-chat/frontend-vue/tests/e2e/helpers/nativeAudioTransferHarness.js	21595	492	test	sfu,security,backpressure,quality,fallback	manual_audit_required
demo/video-chat/frontend-vue/src/domain/calls/admin/CallsView.vue	12519	475	source	background,reconnect,fallback	manual_audit_required
demo/video-chat/scripts/prod-debug.sh	22837	462	script	sfu,background,reconnect,fallback	manual_audit_required
demo/video-chat/frontend-vue/tests/e2e/online-sfu-hd-acceptance.mjs	15978	434	test	sfu,security,backpressure,fallback	manual_audit_required
demo/video-chat/frontend-vue/tests/standalone/kingrt-three-user-regression-harness.mjs	17965	433	test	gossip,background,security,reconnect,backpressure,regression,repair,keyframe_delta	manual_audit_required
demo/video-chat/frontend-vue/src/domain/realtime/sfu/lifecycle.ts	16416	430	source	sfu,security,reconnect,backpressure,capabilities,fallback,repair,keyframe_delta	manual_audit_required
demo/video-chat/frontend-vue/tests/e2e/production-socket-proxy-budget.mjs	16850	428	test	sfu,backpressure,quality,fallback,keyframe_delta	manual_audit_required
demo/video-chat/frontend-vue/src/modules/localization/infrastructureMessages.js	24122	427	source	sfu,background,reconnect,backpressure,capabilities,orchestrator,repair	manual_audit_required
demo/video-chat/frontend-vue/tests/contract/gossip-media-carrier-integration-smoke-contract.mjs	19248	416	test	sfu,gossip,security,backpressure,fallback,repair,keyframe_delta	manual_audit_required
demo/video-chat/backend-king-php/http/module_realtime_gossip_media_relay.php	14737	412	source	sfu,gossip,security	manual_audit_required
demo/video-chat/frontend-vue/src/components/GossipHarness.vue	13968	407	source	sfu,gossip,background,fallback,keyframe_delta	manual_audit_required
demo/video-chat/backend-king-php/domain/realtime/realtime_sfu_frame_buffer.php	14081	406	source	sfu,backpressure,keyframe_delta	manual_audit_required
demo/video-chat/frontend-vue/src/domain/realtime/background/diagnostics/runtimeDiagnostics.js	15502	406	source	background,quality,fallback	manual_audit_required
demo/video-chat/frontend-vue/tests/contract/client-capabilities-media-plan-contract.mjs	14925	405	test	security,capabilities,keyframe_delta	manual_audit_required
demo/video-chat/frontend-vue/src/modules/users/pages/overview/useGossipNetworkMap.ts	14311	403	source	sfu,gossip,fallback,repair	manual_audit_required
demo/video-chat/frontend-vue/src/domain/realtime/local/publisherFrameDispatch.ts	12313	399	source	sfu,gossip,backpressure,fallback,repair,keyframe_delta	manual_audit_required
demo/video-chat/backend-king-php/domain/realtime/realtime_client_capabilities.php	14189	385	source	security,capabilities,fallback	manual_audit_required
demo/video-chat/frontend-vue/src/lib/gossipmesh/rolloutGate.ts	16573	381	source	sfu,gossip,security,backpressure,fallback,repair,keyframe_delta	manual_audit_required
demo/video-chat/frontend-vue/tests/contract/call-screenshare-participant-contract.mjs	21964	367	test	sfu,security,reconnect,fallback,repair,keyframe_delta	manual_audit_required
demo/video-chat/frontend-vue/tests/contract/sfu-publisher-backpressure-controller-contract.mjs	18105	365	test	sfu,reconnect,backpressure,repair,keyframe_delta	manual_audit_required
demo/model-inference/scripts/rag-smoke.sh	13927	359	script	regression,capabilities,orchestrator	manual_audit_required
demo/video-chat/frontend-vue/src/domain/realtime/callApps/callAppDiagnosticTailBridge.js	13231	341	source	sfu,reconnect,fallback,keyframe_delta	manual_audit_required
demo/video-chat/frontend-vue/src/lib/sfu/sfuMessageHandler.ts	15335	338	source	sfu,security,backpressure,quality,fallback,repair,keyframe_delta	manual_audit_required
demo/video-chat/backend-king-php/domain/realtime/realtime_sfu_iibin.php	13412	327	source	sfu,backpressure,keyframe_delta	manual_audit_required
demo/video-chat/frontend-vue/tests/contract/foreground-reconnect-contract.mjs	20826	325	test	sfu,background,reconnect,repair	manual_audit_required
demo/video-chat/frontend-vue/tests/contract/iam-call-access-ci-wire-contract.mjs	17606	319	test	sfu,gossip,background,security,reconnect,fallback	manual_audit_required
demo/video-chat/frontend-vue/vite.config.js	8987	311	other	sfu,gossip,background,security	manual_audit_required
demo/video-chat/frontend-vue/src/domain/realtime/media/securityCore.ts	12485	302	source	security,capabilities,keyframe_delta	manual_audit_required
demo/video-chat/frontend-vue/tests/contract/sfu-auto-readback-recovery-contract.mjs	13686	301	test	sfu,reconnect,backpressure,capabilities,fallback,repair	manual_audit_required
demo/video-chat/docker-compose.v1.yml	19164	300	config	sfu,gossip,background,fallback	manual_audit_required
demo/video-chat/frontend-vue/tests/contract/prod-debug-observability-contract.mjs	18256	283	test	sfu,background,reconnect,fallback	manual_audit_required
demo/video-chat/frontend-vue/src/domain/realtime/workspace/config.ts	9850	278	source	sfu,reconnect,backpressure,quality,fallback,repair,keyframe_delta	manual_audit_required
demo/video-chat/backend-king-php/tests/media-security-contract.php	22614	278	test	sfu,security,capabilities,fallback,keyframe_delta	manual_audit_required
demo/video-chat/frontend-vue/src/lib/sfu/tilePatchMetadata.ts	8574	278	source	sfu,background,reconnect,fallback	manual_audit_required
demo/video-chat/ops/metrics-alerts.catalog.json	7836	272	config	sfu,reconnect,backpressure,regression,fallback,repair	manual_audit_required
demo/video-chat/frontend-vue/src/domain/realtime/native/peerFactory.ts	10300	271	source	gossip,security,repair	manual_audit_required
demo/video-chat/frontend-vue/src/lib/sfu/outboundFrameQueue.ts	9094	268	source	sfu,background,reconnect,backpressure,keyframe_delta	manual_audit_required
demo/video-chat/frontend-vue/src/modules/users/pages/overview/OverviewView.vue	8305	248	source	gossip,background,fallback	manual_audit_required
demo/video-chat/frontend-vue/tests/contract/iam5-16-system-admin-lanes-extract-contract.mjs	16783	240	test	sfu,gossip,background,security,repair	manual_audit_required
demo/video-chat/frontend-vue/tests/contract/call-access-permission-change-active-call-contract.mjs	16019	240	test	sfu,background,reconnect	manual_audit_required
demo/video-chat/backend-king-php/domain/realtime/realtime_gossipmesh_room_state.php	8232	236	source	gossip,capabilities,fallback,repair	manual_audit_required
demo/video-chat/frontend-vue/tests/contract/sfu-motion-backpressure-contract.mjs	11398	234	test	sfu,backpressure,quality,keyframe_delta	manual_audit_required
demo/video-chat/frontend-vue/tests/contract/native-audio-bridge-contract.mjs	20686	230	test	sfu,security,reconnect,backpressure,regression,fallback,repair	manual_audit_required
demo/video-chat/frontend-vue/src/lib/sfu/selectiveTileTransport.ts	8008	229	source	sfu,background,reconnect	manual_audit_required
demo/video-chat/frontend-vue/tests/contract/sfu-strict-720p30-runtime-contract.mjs	17691	227	test	sfu,gossip,background,security,reconnect,backpressure,quality,capabilities,fallback,repair,keyframe_delta	manual_audit_required
demo/video-chat/frontend-vue/tests/contract/sfu-protected-browser-encoder-contract.mjs	26916	227	test	sfu,background,security,reconnect,backpressure,capabilities,fallback,repair,keyframe_delta	manual_audit_required
demo/video-chat/frontend-vue/src/domain/realtime/workspace/callWorkspace/nativeStack.ts	13058	220	source	security,capabilities,repair	manual_audit_required
demo/video-chat/frontend-vue/tests/contract/iam-s5-17-seed-cache-run-docs-contract.mjs	11634	219	test	sfu,gossip,background,security,reconnect	manual_audit_required
demo/video-chat/frontend-vue/src/domain/realtime/native/audioBridgeRecovery.ts	8970	213	source	security,fallback,repair	manual_audit_required
demo/video-chat/frontend-vue/tests/contract/sfu-adaptive-quality-layers-contract.mjs	13021	212	test	sfu,reconnect,backpressure,quality,fallback,repair,keyframe_delta	manual_audit_required
demo/video-chat/frontend-vue/src/lib/sfu/carrierState.ts	6107	212	source	sfu,reconnect,backpressure	manual_audit_required
demo/video-chat/frontend-vue/tests/contract/sfu-video-frame-primary-path-contract.mjs	10601	209	test	sfu,gossip,backpressure,capabilities,fallback,repair	manual_audit_required
demo/video-chat/frontend-vue/tests/contract/sfu-selective-tile-value-contract.mjs	7797	208	test	sfu,background,reconnect,keyframe_delta	manual_audit_required
demo/video-chat/backend-king-php/domain/realtime/realtime_sfu_recovery_requests.php	7606	206	source	sfu,quality,fallback,repair,keyframe_delta	manual_audit_required
demo/video-chat/frontend-vue/src/domain/realtime/sfu/remoteRenderScheduler.ts	8186	206	source	sfu,backpressure,fallback,keyframe_delta	manual_audit_required
demo/video-chat/frontend-vue/tests/contract/helpers/local-5-peer-gossip-network-harness.mjs	6509	205	test	sfu,gossip,reconnect,repair,keyframe_delta	manual_audit_required
demo/video-chat/frontend-vue/tests/contract/wlvc-runtime-regression-contract.mjs	13425	204	test	sfu,security,backpressure,quality,regression,capabilities,fallback,keyframe_delta	manual_audit_required
demo/video-chat/frontend-vue/src/domain/realtime/local/publisherFrameTrace.ts	9077	196	source	security,quality,fallback,repair,keyframe_delta	manual_audit_required
demo/video-chat/backend-king-php/domain/realtime/realtime_sfu_operations_mirror.php	6329	195	source		low_signal_inventory_only
demo/video-chat/frontend-vue/src/domain/realtime/workspace/callWorkspace/backgroundTabPolicy.ts	7757	192	source	sfu,background,reconnect,quality,keyframe_delta	manual_audit_required
demo/video-chat/frontend-vue/tests/contract/sfu-capture-constraints-contract.mjs	14220	192	test	sfu,quality,capabilities,fallback	manual_audit_required
demo/video-chat/frontend-vue/tests/contract/sfu-background-tab-policy-contract.mjs	12151	191	test	sfu,background,reconnect,fallback,keyframe_delta	manual_audit_required
demo/video-chat/backend-king-php/tests/auth-sqlite-lock-contract.php	9651	191	test	reconnect,backpressure,fallback	manual_audit_required
demo/video-chat/frontend-vue/src/domain/realtime/local/sfuCaptureProfileConstraints.ts	7717	190	source	sfu,quality,capabilities,keyframe_delta	manual_audit_required
demo/video-chat/backend-king-php/http/module_realtime_gossipmesh_recovery.php	9082	189	source	gossip,backpressure,repair,keyframe_delta	manual_audit_required
demo/video-chat/frontend-vue/tests/contract/sfu-no-frame-persistence-regression-contract.mjs	12636	188	test	sfu,regression,fallback	manual_audit_required
demo/video-chat/frontend-vue/tests/contract/sfu-offscreen-canvas-fallback-contract.mjs	8866	186	test	sfu,capabilities,fallback,repair	manual_audit_required
demo/video-chat/frontend-vue/tests/contract/sfu-capture-pipeline-capabilities-contract.mjs	6741	184	test	sfu,capabilities,fallback	manual_audit_required
demo/video-chat/frontend-vue/tests/contract/sfu-tile-cache-generation-contract.mjs	5651	183	test	sfu,background,reconnect,keyframe_delta	manual_audit_required
demo/video-chat/frontend-vue/tests/contract/bgf-production-browser-smoke-contract.mjs	14539	178	test	sfu,background,reconnect,quality,fallback	manual_audit_required
demo/video-chat/frontend-vue/src/domain/realtime/sfu/receiverFeedback.ts	7679	175	source	sfu,backpressure,quality,fallback,repair,keyframe_delta	manual_audit_required
demo/video-chat/frontend-vue/src/domain/realtime/workspace/callWorkspace/gossipRecoveryState.ts	6575	174	source	gossip,repair,keyframe_delta	manual_audit_required
demo/video-chat/frontend-vue/tests/contract/sfu-origin-room-binding-contract.mjs	16778	173	test	sfu,gossip,security,reconnect,backpressure,capabilities,fallback,keyframe_delta	manual_audit_required
demo/video-chat/frontend-vue/src/domain/realtime/local/publisherReadbackBudgetBenchmark.ts	5940	167	source	quality,capabilities,fallback	manual_audit_required
demo/video-chat/frontend-vue/tests/contract/iam-local-run-docs-contract.mjs	7662	165	test	sfu,gossip,background,security,reconnect,fallback	manual_audit_required
demo/video-chat/frontend-vue/tests/contract/call-access-ci-artifacts-contract.mjs	7428	165	test	sfu,gossip,background,security,reconnect	manual_audit_required
demo/video-chat/contracts/v1/e2ee-session.contract.json	7278	165	contract	security,reconnect,capabilities,fallback	manual_audit_required
demo/video-chat/frontend-vue/tests/contract/wlvc-wasm-config-surface-contract.mjs	8437	161	test	background,reconnect,keyframe_delta	manual_audit_required
demo/video-chat/frontend-vue/src/lib/gossipmesh/gossipLanes.ts	3818	158	source	sfu,gossip,backpressure,repair,keyframe_delta	manual_audit_required
demo/video-chat/frontend-vue/tests/contract/call-access-owner-transfer-remaining-extract-contract.mjs	8580	158	test	sfu,background,reconnect,fallback	manual_audit_required
demo/video-chat/backend-king-php/domain/realtime/realtime_sfu_session_protocol.php	5609	157	source	sfu,capabilities,fallback,keyframe_delta	manual_audit_required
demo/video-chat/frontend-vue/tests/contract/sfu-auto-readback-downgrade-contract.mjs	6693	153	test	sfu,reconnect,backpressure,repair	manual_audit_required
demo/video-chat/frontend-vue/tests/contract/call-access-temp-access-remaining-extract-contract.mjs	9266	151	test	sfu,gossip,background,security	manual_audit_required
demo/video-chat/backend-king-php/domain/realtime/realtime_gossipmesh_recovery.php	6421	147	source	gossip,security,repair,keyframe_delta	manual_audit_required
demo/video-chat/frontend-vue/src/lib/sfu/sessionProtocol.ts	4693	146	source	sfu,capabilities,fallback,keyframe_delta	manual_audit_required
demo/video-chat/backend-king-php/tests/admin-infrastructure-contract.php	7397	145	test	sfu,capabilities,fallback	manual_audit_required
demo/video-chat/frontend-vue/src/domain/realtime/local/publisherVideoFrameSource.ts	4485	145	source	capabilities,fallback,repair	manual_audit_required
demo/video-chat/frontend-vue/tests/contract/sfu-video-recovery-timing-contract.mjs	15302	142	test	sfu,reconnect,backpressure,fallback,repair,keyframe_delta	manual_audit_required
demo/video-chat/frontend-vue/tests/contract/gossip-local-5-peer-network-harness-contract.mjs	5323	140	test	gossip,reconnect,repair	manual_audit_required
demo/video-chat/backend-king-php/http/module_realtime_media_fanout_guard.php	4332	136	source	sfu,gossip,security,fallback	manual_audit_required
demo/video-chat/frontend-vue/src/domain/realtime/sfu/wlvcFrameMetadata.ts	5315	136	source	sfu,fallback,keyframe_delta	manual_audit_required
demo/video-chat/frontend-vue/src/lib/sfu/sfuTypes.ts	3767	135	source	sfu,background,reconnect,backpressure,keyframe_delta	manual_audit_required
demo/video-chat/frontend-vue/tests/contract/gossip-media-carrier-contract.mjs	7377	133	test	sfu,gossip,backpressure,fallback,repair,keyframe_delta	manual_audit_required
demo/video-chat/frontend-vue/src/lib/sfu/outboundFrameBudget.ts	5175	133	source	sfu,backpressure,repair,keyframe_delta	manual_audit_required
demo/video-chat/frontend-vue/src/lib/sfu/sfuClientTransportSample.ts	7835	133	source	sfu,backpressure,quality,keyframe_delta	manual_audit_required
demo/video-chat/frontend-vue/tests/contract/gossip-outbound-live-publication-contract.mjs	8363	133	test	sfu,gossip,security,repair	manual_audit_required
demo/video-chat/frontend-vue/tests/contract/call-layout-sidebar-controls-contract.mjs	10348	133	test	sfu,background,quality	manual_audit_required
demo/video-chat/frontend-vue/tests/contract/gossip-harness-faults-contract.mjs	5466	132	test	gossip,reconnect,regression	manual_audit_required
demo/video-chat/frontend-vue/tests/contract/sfu-portrait-aspect-preservation-contract.mjs	8494	132	test	sfu,quality,fallback	manual_audit_required
demo/video-chat/frontend-vue/tests/contract/sfu-transport-metrics-contract.mjs	11391	132	test	sfu,backpressure,quality	manual_audit_required
demo/video-chat/frontend-vue/tests/contract/sfu-gossip-planning-cfh-contract.mjs	7024	131	test	sfu,gossip,security,reconnect,backpressure,repair,keyframe_delta	manual_audit_required
demo/video-chat/frontend-vue/tests/contract/sfu-high-motion-readback-budget-contract.mjs	7091	129	test	sfu,backpressure,quality,capabilities,fallback	manual_audit_required
demo/video-chat/frontend-vue/src/domain/realtime/sfu/remoteJitterBuffer.ts	5401	127	source	sfu,gossip,fallback,keyframe_delta	manual_audit_required
demo/video-chat/frontend-vue/tests/contract/call-access-invalid-expired-anonymous-link-contract.mjs	6559	127	test	sfu,gossip,background,security	manual_audit_required
demo/video-chat/frontend-vue/tests/contract/sfu-fullscreen-render-scheduler-contract.mjs	8909	126	test	sfu,backpressure,keyframe_delta	manual_audit_required
demo/video-chat/frontend-vue/tests/contract/sfu-diagnostic-surface-contract.mjs	7777	125	test	sfu,backpressure,quality	manual_audit_required
demo/video-chat/frontend-vue/package.json	27022	123	config	sfu,gossip,background,security,reconnect,backpressure,quality,regression,capabilities,fallback,repair,keyframe_delta	manual_audit_required
demo/video-chat/frontend-vue/tests/contract/gossip-primary-health-gate-contract.mjs	5404	123	test	sfu,gossip,backpressure,fallback,repair,keyframe_delta	manual_audit_required
demo/video-chat/contracts/v1/protected-media-frame.contract.json	4782	123	contract	security,capabilities,fallback,keyframe_delta	manual_audit_required
demo/video-chat/frontend-vue/tests/contract/gossip-sfu-baseline-rollout-gate-contract.mjs	6291	121	test	sfu,gossip,security,backpressure,repair,keyframe_delta	manual_audit_required
demo/video-chat/backend-king-php/http/module_realtime.php	3865	121	source	sfu,gossip,reconnect	manual_audit_required
demo/video-chat/frontend-vue/src/domain/realtime/sfu/adaptiveQualityLayers.ts	4591	118	source	sfu,quality,fallback	manual_audit_required
demo/video-chat/frontend-vue/tests/contract/asset-cache-busting-contract.mjs	11236	117	test	sfu,reconnect,repair	manual_audit_required
demo/video-chat/frontend-vue/tests/contract/frontend-translation-key-coverage-contract.mjs	4710	116	test	sfu,gossip,fallback	manual_audit_required
demo/video-chat/frontend-vue/src/domain/realtime/workspace/callWorkspace/mediaSecurityTargets.ts	4720	113	source	sfu,security,capabilities	manual_audit_required
demo/video-chat/frontend-vue/tests/contract/call-access-foreign-link-review-audit-contract.mjs	6103	110	test	sfu,gossip,background,security	manual_audit_required
demo/video-chat/frontend-vue/tests/contract/background-filter-mask-contract.mjs	9204	110	test	background,reconnect,fallback	manual_audit_required
demo/video-chat/frontend-vue/tests/contract/sfu-security-throughput-budget-contract.mjs	5631	108	test	sfu,security,backpressure,repair,keyframe_delta	manual_audit_required
demo/video-chat/frontend-vue/tests/contract/sfu-publisher-path-trace-contract.mjs	9162	107	test	sfu,security,backpressure,fallback	manual_audit_required
demo/video-chat/frontend-vue/src/domain/realtime/media/runtimeCapabilities.ts	2851	107	source	sfu,capabilities,keyframe_delta	manual_audit_required
demo/video-chat/backend-king-php/tests/realtime-gossipmesh-room-state-topology-contract.php	6004	106	test	sfu,gossip,capabilities,fallback	manual_audit_required
demo/video-chat/frontend-vue/tests/contract/gossip-rollout-gate-contract.mjs	5965	106	test	sfu,gossip,security,repair	manual_audit_required
demo/video-chat/frontend-vue/src/domain/realtime/workspace/callWorkspace/foregroundRecovery.ts	3241	105	source	reconnect,fallback,repair	manual_audit_required
demo/video-chat/frontend-vue/tests/contract/sfu-dual-video-layer-routing-contract.mjs	7915	104	test	sfu,backpressure,fallback,repair,keyframe_delta	manual_audit_required
demo/video-chat/frontend-vue/src/modules/localization/callWorkspaceMessages.js	6879	102	source	background,reconnect,fallback	manual_audit_required
demo/video-chat/frontend-vue/tests/contract/kingrt-three-user-regression-harness-contract.mjs	4872	101	test	gossip,background,security,backpressure,regression,keyframe_delta	manual_audit_required
demo/video-chat/frontend-vue/src/domain/realtime/sfu/stallRecoveryLadder.ts	4243	100	source	sfu,reconnect,fallback,repair,keyframe_delta	manual_audit_required
demo/video-chat/frontend-vue/src/domain/realtime/sfu/keyframeRecoveryCoordinator.ts	3572	100	source	sfu,fallback,repair,keyframe_delta	manual_audit_required
demo/video-chat/frontend-vue/tests/contract/iam-sprint-05-integration-classification-contract.mjs	2676	97	test	sfu,gossip,background,security	manual_audit_required
demo/video-chat/frontend-vue/src/domain/realtime/workspace/callWorkspace/sfuTransport.ts	4261	96	source	backpressure,repair,keyframe_delta	manual_audit_required
demo/video-chat/frontend-vue/tests/contract/sfu-keyframe-cache-pacing-contract.mjs	5623	95	test	sfu,backpressure,quality,repair,keyframe_delta	manual_audit_required
demo/video-chat/frontend-vue/tests/contract/sfu-source-budget-profile-coupling-contract.mjs	6659	95	test	sfu,quality,keyframe_delta	manual_audit_required
demo/video-chat/frontend-vue/src/domain/realtime/workspace/callWorkspace/strictStabilityPolicy.ts	3088	94	source	gossip,background,security,reconnect,quality,repair,keyframe_delta	manual_audit_required
demo/video-chat/frontend-vue/tests/contract/iam-sprint-04-focused-wire-contract.mjs	3954	94	test	sfu,gossip,background,security	manual_audit_required
demo/video-chat/frontend-vue/tests/contract/sfu-browser-ws-send-drain-contract.mjs	7689	92	test	sfu,reconnect,backpressure,repair,keyframe_delta	manual_audit_required
demo/video-chat/frontend-vue/src/domain/realtime/sfu/remoteCanvas.ts	3676	92	source	sfu,background,reconnect,quality	manual_audit_required
demo/video-chat/frontend-vue/tests/contract/sfu-wlvc-rate-control-contract.mjs	6346	91	test	sfu,backpressure,quality,repair,keyframe_delta	manual_audit_required
demo/video-chat/contracts/v1/media-kex.contract.json	3626	91	contract	security,reconnect,capabilities	manual_audit_required
demo/video-chat/frontend-vue/tests/contract/gossip-native-recovery-contract.mjs	4617	90	test	gossip,security,backpressure,repair,keyframe_delta	manual_audit_required
demo/video-chat/frontend-vue/src/lib/gossipmesh/routing.ts	2795	89	source	gossip,backpressure,keyframe_delta	manual_audit_required
demo/video-chat/frontend-vue/src/lib/gossipmesh/wireContract.ts	2628	88	source	sfu,gossip,reconnect,backpressure,keyframe_delta	manual_audit_required
demo/video-chat/frontend-vue/tests/contract/gossip-publisher-pipeline-decoupling-contract.mjs	4141	86	test	sfu,gossip,backpressure	manual_audit_required
demo/video-chat/frontend-vue/tests/contract/gossip-server-no-media-fanout-contract.mjs	5018	85	test	sfu,gossip,security,backpressure,fallback,repair	manual_audit_required
demo/video-chat/frontend-vue/tests/contract/sfu-profile-budget-contract.mjs	4819	85	test	sfu,backpressure,quality,repair,keyframe_delta	manual_audit_required
demo/video-chat/frontend-vue/tests/contract/sfu-selective-tile-runtime-contract.mjs	6355	84	test	sfu,background,reconnect,keyframe_delta	manual_audit_required
demo/video-chat/frontend-vue/tests/contract/gossip-neighbor-health-topology-repair-contract.mjs	5495	84	test	gossip,reconnect,repair	manual_audit_required
demo/video-chat/frontend-vue/tests/contract/client-diagnostics-contract.mjs	8365	83	test	sfu,security,backpressure,repair,keyframe_delta	manual_audit_required
demo/video-chat/frontend-vue/tests/contract/gossip-telemetry-contract.mjs	5873	83	test	sfu,gossip,security,repair	manual_audit_required
demo/video-chat/frontend-vue/tests/contract/gossip-neighbor-health-repair-contract.mjs	5335	83	test	gossip,reconnect,repair	manual_audit_required
demo/video-chat/frontend-vue/tests/contract/sfu-zero-copy-readback-gate-contract.mjs	3470	83	test	sfu,capabilities,fallback	manual_audit_required
demo/video-chat/frontend-vue/tests/contract/sfu-dom-canvas-last-resort-contract.mjs	4677	82	test	sfu,backpressure,quality,fallback	manual_audit_required
demo/video-chat/frontend-vue/tests/contract/sfu-receiver-feedback-loop-contract.mjs	5932	79	test	sfu,backpressure,quality,fallback,repair,keyframe_delta	manual_audit_required
demo/video-chat/frontend-vue/src/support/foregroundReconnect.ts	2670	79	source	background,reconnect,repair	manual_audit_required
demo/video-chat/frontend-vue/src/domain/realtime/workspace/callWorkspace/mediaSecuritySfuPublishGate.ts	2981	79	source	security,capabilities	manual_audit_required
demo/video-chat/frontend-vue/tests/contract/sfu-source-readback-contract.mjs	4263	78	test	sfu,backpressure,quality	manual_audit_required
demo/video-chat/frontend-vue/src/domain/realtime/workspace/callWorkspace/runtimeConfig.ts	3742	77	source	gossip,background,security,reconnect,backpressure,repair,keyframe_delta	manual_audit_required
demo/video-chat/frontend-vue/tests/contract/background-king-wasm-contract.mjs	5343	77	test	background,backpressure,fallback	manual_audit_required
demo/video-chat/frontend-vue/tests/contract/sfu-binary-tile-wire-contract.mjs	5551	76	test	sfu,background,reconnect	manual_audit_required
demo/video-chat/frontend-vue/tests/contract/client-console-warning-diagnostics-contract.mjs	5227	75	test	sfu,security,reconnect,backpressure,repair	manual_audit_required
demo/video-chat/frontend-vue/tests/contract/sfu-throughput-path-contract.mjs	2043	74	test	sfu,background,quality	manual_audit_required
demo/video-chat/frontend-vue/tests/contract/gossip-media-carrier-mode-contract.mjs	3279	73	test	sfu,gossip,fallback	manual_audit_required
demo/video-chat/frontend-vue/tests/contract/sfu-relay-broker-io-budget-contract.mjs	6458	72	test	sfu,backpressure,keyframe_delta	manual_audit_required
demo/video-chat/frontend-vue/tests/contract/gossip-stale-target-pruning-contract.mjs	4714	70	test	sfu,gossip,security,backpressure,repair,keyframe_delta	manual_audit_required
demo/video-chat/frontend-vue/tests/contract/sfu-media-recovery-control-contract.mjs	5181	69	test	sfu,reconnect,backpressure,fallback,repair,keyframe_delta	manual_audit_required
demo/video-chat/frontend-vue/tests/contract/more-payload-intake-contract.mjs	2882	69	test	sfu,backpressure,regression,fallback	manual_audit_required
demo/video-chat/frontend-vue/tests/contract/sfu-real-media-plane-architecture-contract.mjs	3480	68	test	sfu,backpressure,fallback,repair,keyframe_delta	manual_audit_required
demo/video-chat/contracts/v1/protected-media-transport-envelope.contract.json	2120	68	contract	security,fallback,keyframe_delta	manual_audit_required
demo/video-chat/frontend-vue/tests/contract/gossip-primary-fallback-backtrace-contract.mjs	2879	67	test	sfu,gossip,reconnect,fallback	manual_audit_required
demo/video-chat/frontend-vue/tests/contract/sfu-online-acceptance-no-critical-pressure-contract.mjs	4658	67	test	sfu,backpressure,repair	manual_audit_required
demo/video-chat/frontend-vue/tests/contract/sfu-replay-pacing-slow-subscriber-contract.mjs	4297	65	test	sfu,reconnect,backpressure,keyframe_delta	manual_audit_required
demo/video-chat/frontend-vue/src/lib/sfu/mediaTransport.ts	1901	64	source	sfu,backpressure,fallback	manual_audit_required
demo/video-chat/frontend-vue/tests/contract/gossip-sfu-dual-carrier-continuity-contract.mjs	2558	60	test	sfu,gossip,security	manual_audit_required
demo/video-chat/frontend-vue/tests/contract/background-segmentation-harness-contract.mjs	3756	56	test	background,reconnect,fallback	manual_audit_required
demo/video-chat/frontend-vue/src/domain/realtime/workspace/callWorkspace/mediaSecurityParticipantSet.ts	2065	56	source	security,keyframe_delta	manual_audit_required
demo/video-chat/backend-king-php/domain/realtime/realtime_sfu_binary_payload.php	1791	55	source		low_signal_inventory_only
demo/video-chat/frontend-vue/src/lib/gossipmesh/mediaCarrierMode.ts	1946	52	source	sfu,gossip,fallback	manual_audit_required
demo/video-chat/frontend-vue/tests/contract/sfu-high-motion-payload-contract.mjs	3489	50	test	sfu,background,backpressure,fallback,repair,keyframe_delta	manual_audit_required
demo/video-chat/frontend-vue/src/domain/realtime/sfu/sendBudget.ts	1827	42	source	sfu,backpressure,fallback	manual_audit_required
demo/video-chat/frontend-vue/src/domain/realtime/sfu/recoveryReasons.ts	1730	40	source	sfu,security,fallback,repair,keyframe_delta	manual_audit_required
demo/video-chat/frontend-vue/src/domain/realtime/workspace/callWorkspace/mediaSecuritySenderKeyRecovery.ts	1313	40	source	security,repair	manual_audit_required
demo/video-chat/frontend-vue/src/domain/realtime/workspace/callWorkspace/mediaSecurityErrors.ts	827	14	source	security	manual_audit_required
demo/video-chat/frontend-vue/src/lib/sfuClient.ts	32	1	source	sfu	manual_audit_required
